{"val_loss": [0.07908735711569898, 0.08668245883342267, 1.2010512812402254, 6.303532965856294, 0.09983597468545971, 0.0700899440387584, 0.07913056052070655, 0.0754130883734906, 0.11260588692508282, 0.06096556181131746, 0.07122836076054954, 0.10307426688222525, 0.06656173022161238, 0.0758674338424947, 0.07597569381426243, 0.08337302827796278, 0.0556204789991898, 33.58705739181147, 0.10393044087020098, 0.11498045033550519, 0.06459908628158155, 0.887158248959701, 0.06516995706500711, 0.07039695149233255, 0.05656654572610743, 0.21960116554131856, 0.061000813338858276, 0.06479374467233295, 0.06181162407621499, 0.07650128685712877, 0.09150286211337834, 0.08279800697079402, 0.0846977822563378, 0.0670833586188575, 0.07304070044952642, 0.06200867959650284, 0.062291168582613105, 0.08017739773828107, 0.062431861454372246, 0.061347725167135346, 0.5363594141778303, 0.09596516106791872, 0.06912064455162423, 0.09135474847947868, 0.4127476103591422, 0.07457043254619444, 0.0827636212447663, 0.070429024253257, 0.08633470774582383, 0.07905987658226271, 0.07281880323255609, 0.06174459506003768, 0.09154827514036094, 0.06909161578358422, 0.0632130286789064, 0.08269115545950384, 0.06091679959243356, 0.07065521670392408, 0.06566402886158143, 0.06599812586832149, 0.058317643833756844, 0.0701393370457046, 0.0839761493360084, 0.10378506859560972, 0.07384748388257949, 0.07483634736901149, 0.08308102260823944, 0.07903864866939452, 0.09282090166180085, 0.09851340429690511, 0.09053385821051294, 0.33034570032275223, 0.07475670326380836, 0.05706930241711257, 0.06889057148845028, 0.06804414529798669, 0.05206130063010073, 0.05589186195340441, 0.08167750133431521, 0.08089601684869528, 0.06166471348145387, 0.1000483561966042, 0.05296287398899909, 0.06996385957362479, 0.08975520276833655, 0.06620568870054558, 0.0774643201717081, 0.10206673667851525, 0.09405621506495905, 0.07438842086024912, 0.0561583814274054, 0.1291467620076534, 0.056153140505659394, 0.10352903780498308, 0.07642058477187492, 0.0797142423565771, 0.07972360438305866, 0.06886280142166712, 0.06281427729314343, 0.07139158240318431], "val_accuracy": [0.9824166893959045, 0.9826666712760925, 0.9792500138282776, 0.9776666760444641, 0.9808333516120911, 0.987333357334137, 0.9853333234786987, 0.9836666584014893, 0.9801666736602783, 0.9885833263397217, 0.9837499856948853, 0.9785833358764648, 0.9860833287239075, 0.9833333492279053, 0.9857500195503235, 0.9848333597183228, 0.9865833520889282, 0.968583345413208, 0.98416668176651, 0.9817500114440918, 0.9879166483879089, 0.9869166612625122, 0.9892500042915344, 0.9854999780654907, 0.9907500147819519, 0.9904166460037231, 0.9907500147819519, 0.9880833625793457, 0.9893333315849304, 0.9898333549499512, 0.9883333444595337, 0.9882500171661377, 0.9882500171661377, 0.9888333082199097, 0.987583339214325, 0.9904166460037231, 0.9900833368301392, 0.9890000224113464, 0.9899166822433472, 0.9914166927337646, 0.9833333492279053, 0.9797499775886536, 0.9855833053588867, 0.9821666479110718, 0.9729166626930237, 0.987333357334137, 0.9856666922569275, 0.9878333210945129, 0.9853333234786987, 0.987333357334137, 0.9866666793823242, 0.9880833625793457, 0.9868333339691162, 0.9848333597183228, 0.9907500147819519, 0.987333357334137, 0.9884166717529297, 0.9894999861717224, 0.9896666407585144, 0.9904999732971191, 0.9886666536331177, 0.9890000224113464, 0.9886666536331177, 0.9849166870117188, 0.9889166951179504, 0.9815833568572998, 0.9829166531562805, 0.9839166402816772, 0.9820833206176758, 0.9826666712760925, 0.9851666688919067, 0.9866666793823242, 0.9824166893959045, 0.9894166588783264, 0.9881666898727417, 0.9890000224113464, 0.9890000224113464, 0.9901666641235352, 0.987666666507721, 0.9870833158493042, 0.9885833263397217, 0.9865000247955322, 0.9903333187103271, 0.9891666769981384, 0.9860833287239075, 0.98416668176651, 0.9848333597183228, 0.9772499799728394, 0.9829999804496765, 0.9867500066757202, 0.9872499704360962, 0.984250009059906, 0.9861666560173035, 0.9850000143051147, 0.9871666431427002, 0.9860000014305115, 0.9892500042915344, 0.9886666536331177, 0.9884999990463257, 0.9884166717529297], "loss": [0.05904116550470159, 0.02731155431510706, 0.054301931478844684, 0.03401207952258604, 0.02600746580571043, 0.02231285085064034, 0.01819289187695146, 0.01901948122556678, 0.01598642266565245, 0.018051958374817937, 0.05482325446007477, 0.03260313380999529, 0.03007059532073375, 0.020085665684105834, 0.01897068704432483, 0.017275479722866444, 0.014857550517537675, 0.011364414993755304, 0.014050700622829936, 0.014910079580668329, 0.01133549440077301, 0.01049749471150623, 0.014281212627544317, 0.009041024200252983, 0.011461580780360766, 0.005230940844956393, 0.011604289759511952, 0.007968395581990388, 0.006655476221113394, 0.00828859111447774, 0.00770615625088908, 0.005317559786588312, 0.007987376654736296, 0.005872908934475665, 0.005927383942847548, 0.007606173161758015, 0.005767798876805652, 0.005578782045928291, 0.006605741548899464, 0.008752388449662234, 0.05643693507818777, 0.03154064263631881, 0.024868460490171856, 0.018797321135726026, 0.020183936923717435, 0.019678578299581206, 0.018227826418501233, 0.014752255681223384, 0.011096961740143343, 0.01371625592120074, 0.011732278515474084, 0.011149342962851581, 0.007182832047524547, 0.012627468972900024, 0.008352035504811057, 0.0075057947683584035, 0.013221831228271185, 0.00806546630551392, 0.006478650034162342, 0.0053967030820646624, 0.010672473400694528, 0.009475332574645497, 0.007289831962343405, 0.0036742392486878678, 0.007067188941402981, 0.05987703244610748, 0.030310901290213223, 0.024042508608028583, 0.020291976594668085, 0.019220183626558234, 0.020967989462864125, 0.01782126614544571, 0.013455481714918354, 0.008520615316414478, 0.017939339224299224, 0.012164890234462461, 0.012092392587990502, 0.004855896212946562, 0.012536090530034594, 0.010700072922491893, 0.007055566242087129, 0.014176591709549352, 0.009108205167924878, 0.004021682796394863, 0.0071263411929310475, 0.055657473798511395, 0.031019468582625755, 0.023247272506941953, 0.023807922829547655, 0.018648059509938017, 0.01836673938599415, 0.015402086750972254, 0.014190883424094561, 0.014985993572195487, 0.013325572493570765, 0.008805199085720895, 0.014332092148965065, 0.010539227778947785, 0.01223350505478796, 0.0035230887992905857],